1,0,1
2,0,1
3,0,1
5,0,1
6,0,1
7,0,1
8,0,1
9,0,1
134,0,1
201,0,1
7,1,1
10,1,1
12,1,1
16,1,1
72,1,1
74,1,1
84,1,1
101,1,1
102,1,1
108,1,1
113,1,1
115,1,1
116,1,1
124,1,1
127,1,1
130,1,1
131,1,1
135,1,1
136,1,1
138,1,1
140,1,1
141,1,1
142,1,1
193,1,1
195,1,1
214,1,1
241,1,1
4,2,1
7,2,1
8,2,1
12,2,1
16,2,1
20,2,1
21,2,1
63,2,1
67,2,1
84,2,1
86,2,1
87,2,1
89,2,1
98,2,1
99,2,1
109,2,1
114,2,1
118,2,1
121,2,1
151,2,1
152,2,1
153,2,1
154,2,1
155,2,1
156,2,1
157,2,1
159,2,1
160,2,1
161,2,1
162,2,1
163,2,1
164,2,1
165,2,1
166,2,1
167,2,1
168,2,1
169,2,1
170,2,1
173,2,1
175,2,1
176,2,1
177,2,1
178,2,1
179,2,1
180,2,1
181,2,1
182,2,1
183,2,1
184,2,1
185,2,1
186,2,1
201,2,1
203,2,1
204,2,1
207,2,1
212,2,1
220,2,1
224,2,1
225,2,1
226,2,1
239,2,1
248,2,1
255,2,1
257,2,1
5,3,1
7,3,1
8,3,1
11,3,1
12,3,1
27,3,1
50,3,1
58,3,1
63,3,1
65,3,1
82,3,1
86,3,1
90,3,1
91,3,1
92,3,1
93,3,1
98,3,1
101,3,1
106,3,1
108,3,1
111,3,1
114,3,1
117,3,1
125,3,1
137,3,1
151,3,1
154,3,1
155,3,1
159,3,1
160,3,1
161,3,1
162,3,1
168,3,1
173,3,1
179,3,1
180,3,1
182,3,1
186,3,1
189,3,1
195,3,1
196,3,1
213,3,1
224,3,1
239,3,1
9,4,1
14,4,1
15,4,1
18,4,1
31,4,1
41,4,1
52,4,1
53,4,1
67,4,1
71,4,1
76,4,1
82,4,1
84,4,1
87,4,1
90,4,1
92,4,1
99,4,1
102,4,1
108,4,1
109,4,1
118,4,1
125,4,1
137,4,1
151,4,1
154,4,1
155,4,1
159,4,1
161,4,1
162,4,1
168,4,1
172,4,1
173,4,1
174,4,1
178,4,1
179,4,1
180,4,1
182,4,1
187,4,1
189,4,1
195,4,1
196,4,1
197,4,1
203,4,1
204,4,1
207,4,1
213,4,1
224,4,1
226,4,1
8,5,1
9,5,1
11,5,1
13,5,1
14,5,1
59,5,1
70,5,1
103,5,1
127,5,1
201,5,1
7,6,1
13,6,1
23,6,1
25,6,1
27,6,1
30,6,1
34,6,1
35,6,1
43,6,1
46,6,1
47,6,1
48,6,1
50,6,1
52,6,1
59,6,1
72,6,1
73,6,1
74,6,1
77,6,1
91,6,1
94,6,1
99,6,1
103,6,1
105,6,1
107,6,1
109,6,1
110,6,1
111,6,1
135,6,1
137,6,1
201,6,1
209,6,1
9,7,1
31,7,1
58,7,1
59,7,1
60,7,1
73,7,1
82,7,1
90,7,1
91,7,1
99,7,1
107,7,1
130,7,1
134,7,1
36,8,1
63,8,1
65,8,1
67,8,1
103,8,1
123,8,1
193,8,1
195,8,1
203,8,1
213,8,1
214,8,1
235,8,1
24,9,1
52,9,1
63,9,1
67,9,1
103,9,1
105,9,1
108,9,1
111,9,1
193,9,1
195,9,1
213,9,1
218,9,1
236,9,1
13,10,1
14,10,1
115,10,1
124,10,1
126,10,1
135,10,1
136,10,1
138,10,1
142,10,1
208,10,1
12,11,1
13,11,1
14,11,1
54,11,1
65,11,1
100,11,1
103,11,1
118,11,1
137,11,1
16,12,1
20,12,1
21,12,1
63,12,1
67,12,1
84,12,1
86,12,1
91,12,1
93,12,1
95,12,1
116,12,1
117,12,1
119,12,1
125,12,1
129,12,1
130,12,1
131,12,1
132,12,1
137,12,1
138,12,1
151,12,1
152,12,1
153,12,1
155,12,1
156,12,1
157,12,1
158,12,1
159,12,1
160,12,1
161,12,1
162,12,1
163,12,1
164,12,1
165,12,1
166,12,1
167,12,1
168,12,1
169,12,1
170,12,1
171,12,1
172,12,1
173,12,1
174,12,1
175,12,1
176,12,1
177,12,1
178,12,1
179,12,1
180,12,1
181,12,1
182,12,1
183,12,1
184,12,1
193,12,1
194,12,1
201,12,1
203,12,1
211,12,1
224,12,1
226,12,1
239,12,1
241,12,1
247,12,1
255,12,1
256,12,1
257,12,1
258,12,1
261,12,1
23,13,1
34,13,1
35,13,1
43,13,1
46,13,1
47,13,1
48,13,1
53,13,1
59,13,1
63,13,1
65,13,1
70,13,1
73,13,1
74,13,1
75,13,1
77,13,1
88,13,1
100,13,1
102,13,1
103,13,1
114,13,1
116,13,1
120,13,1
137,13,1
138,13,1
201,13,1
209,13,1
18,14,1
53,14,1
54,14,1
59,14,1
60,14,1
71,14,1
75,14,1
76,14,1
86,14,1
90,14,1
114,14,1
118,14,1
127,14,1
132,14,1
134,14,1
193,14,1
16,15,1
17,15,1
18,15,1
19,15,1
21,15,1
22,15,1
23,15,1
24,15,1
25,15,1
26,15,1
59,15,1
216,15,1
19,16,1
22,16,1
73,16,1
84,16,1
92,16,1
98,16,1
113,16,1
114,16,1
115,16,1
116,16,1
117,16,1
118,16,1
120,16,1
241,16,1
19,17,1
22,17,1
41,17,1
42,17,1
44,17,1
53,17,1
23,18,1
35,18,1
43,18,1
47,18,1
51,18,1
63,18,1
71,18,1
72,18,1
73,18,1
74,18,1
75,18,1
76,18,1
20,19,1
22,19,1
70,19,1
80,19,1
100,19,1
27,20,1
58,20,1
62,20,1
65,20,1
68,20,1
71,20,1
73,20,1
89,20,1
121,20,1
130,20,1
132,20,1
209,20,1
27,21,1
32,21,1
52,21,1
55,21,1
57,21,1
58,21,1
68,21,1
69,21,1
71,21,1
73,21,1
74,21,1
75,21,1
83,21,1
85,21,1
106,21,1
121,21,1
239,21,1
26,22,1
42,22,1
54,22,1
55,22,1
56,22,1
59,22,1
70,22,1
71,22,1
101,22,1
41,23,1
43,23,1
44,23,1
48,23,1
58,23,1
68,23,1
75,23,1
82,23,1
90,23,1
209,23,1
240,23,1
44,24,1
48,24,1
58,24,1
63,24,1
241,24,1
83,25,1
93,25,1
190,25,1
209,25,1
44,26,1
51,26,1
64,26,1
70,26,1
29,27,1
30,27,1
31,27,1
34,27,1
35,27,1
36,27,1
37,27,1
38,27,1
59,27,1
90,27,1
240,27,1
110,28,1
114,28,1
122,28,1
134,28,1
150,28,1
30,29,1
31,29,1
32,29,1
33,29,1
35,29,1
42,29,1
44,29,1
91,29,1
32,30,1
33,30,1
38,30,1
49,30,1
51,30,1
52,30,1
59,30,1
35,31,1
45,31,1
46,31,1
47,31,1
48,31,1
49,31,1
58,31,1
67,31,1
73,31,1
74,31,1
75,31,1
77,31,1
90,31,1
211,31,1
33,32,1
43,32,1
49,32,1
52,32,1
59,32,1
66,32,1
81,32,1
38,33,1
42,33,1
45,33,1
57,33,1
59,33,1
68,33,1
106,33,1
205,33,1
37,34,1
43,34,1
44,34,1
47,34,1
63,34,1
72,34,1
74,34,1
77,34,1
112,34,1
43,35,1
47,35,1
50,35,1
55,35,1
56,35,1
77,35,1
83,35,1
91,35,1
216,35,1
44,36,1
49,36,1
68,36,1
71,36,1
93,36,1
236,36,1
241,36,1
52,37,1
69,37,1
190,37,1
43,38,1
44,38,1
49,38,1
50,38,1
64,38,1
66,38,1
59,39,1
92,39,1
127,39,1
134,39,1
145,39,1
148,39,1
149,39,1
150,39,1
225,39,1
41,40,1
42,40,1
43,40,1
54,40,1
56,40,1
71,40,1
43,41,1
44,41,1
46,41,1
47,41,1
48,41,1
62,41,1
63,41,1
71,41,1
83,41,1
45,42,1
77,42,1
84,42,1
86,42,1
98,42,1
119,42,1
125,42,1
137,42,1
167,42,1
168,42,1
171,42,1
172,42,1
173,42,1
184,42,1
185,42,1
218,42,1
232,42,1
44,43,1
50,43,1
71,43,1
76,43,1
91,43,1
93,43,1
47,44,1
48,44,1
49,44,1
50,44,1
51,44,1
56,44,1
60,44,1
61,44,1
64,44,1
73,44,1
74,44,1
75,44,1
77,44,1
85,44,1
87,44,1
93,44,1
96,44,1
97,44,1
104,44,1
112,44,1
130,44,1
133,44,1
142,44,1
151,44,1
152,44,1
153,44,1
154,44,1
155,44,1
158,44,1
159,44,1
160,44,1
161,44,1
162,44,1
163,44,1
164,44,1
165,44,1
166,44,1
167,44,1
168,44,1
169,44,1
176,44,1
177,44,1
178,44,1
179,44,1
180,44,1
181,44,1
182,44,1
183,44,1
187,44,1
188,44,1
189,44,1
191,44,1
192,44,1
195,44,1
196,44,1
197,44,1
199,44,1
202,44,1
204,44,1
207,44,1
209,44,1
210,44,1
214,44,1
219,44,1
227,44,1
230,44,1
231,44,1
232,44,1
233,44,1
234,44,1
237,44,1
238,44,1
244,44,1
245,44,1
246,44,1
249,44,1
250,44,1
251,44,1
253,44,1
254,44,1
262,44,1
263,44,1
264,44,1
265,44,1
266,44,1
268,44,1
269,44,1
270,44,1
271,44,1
272,44,1
273,44,1
274,44,1
275,44,1
276,44,1
277,44,1
278,44,1
279,44,1
280,44,1
282,44,1
283,44,1
284,44,1
285,44,1
286,44,1
287,44,1
288,44,1
289,44,1
290,44,1
291,44,1
292,44,1
294,44,1
46,45,1
58,45,1
50,46,1
53,46,1
58,46,1
61,46,1
79,46,1
82,46,1
87,46,1
209,46,1
48,47,1
62,47,1
63,47,1
66,47,1
69,47,1
87,47,1
90,47,1
93,47,1
130,47,1
132,47,1
214,47,1
50,48,1
52,48,1
67,48,1
69,48,1
87,48,1
90,48,1
92,48,1
93,48,1
130,48,1
132,48,1
209,48,1
210,48,1
213,48,1
214,48,1
54,49,1
57,49,1
59,49,1
62,49,1
70,49,1
51,50,1
52,50,1
58,50,1
66,50,1
69,50,1
56,51,1
66,51,1
70,51,1
69,52,1
84,52,1
86,52,1
87,52,1
99,52,1
103,52,1
105,52,1
59,53,1
75,53,1
78,53,1
86,53,1
90,53,1
55,54,1
56,54,1
59,55,1
62,55,1
71,55,1
78,55,1
71,56,1
225,56,1
58,57,1
59,57,1
60,57,1
61,57,1
59,58,1
61,58,1
67,58,1
68,58,1
69,58,1
82,58,1
85,58,1
87,58,1
88,58,1
90,58,1
95,58,1
62,59,1
63,59,1
64,59,1
66,59,1
67,59,1
68,59,1
70,59,1
71,59,1
91,59,1
99,59,1
102,59,1
105,59,1
108,59,1
195,59,1
61,60,1
85,60,1
89,60,1
96,60,1
82,61,1
95,61,1
63,62,1
64,62,1
65,62,1
67,63,1
71,63,1
81,63,1
83,63,1
85,63,1
93,63,1
94,63,1
95,63,1
101,63,1
209,63,1
215,63,1
225,63,1
66,64,1
70,64,1
74,64,1
104,64,1
112,64,1
195,64,1
209,64,1
83,65,1
93,65,1
98,65,1
103,65,1
201,65,1
68,66,1
69,66,1
87,67,1
95,67,1
98,67,1
106,67,1
118,67,1
129,67,1
206,67,1
212,67,1
218,67,1
79,68,1
86,69,1
87,69,1
88,69,1
89,69,1
76,71,1
83,71,1
90,71,1
93,71,1
94,71,1
216,71,1
93,72,1
95,72,1
112,72,1
114,72,1
130,72,1
132,72,1
137,72,1
213,72,1
214,72,1
222,72,1
75,73,1
76,73,1
82,73,1
90,73,1
114,73,1
130,73,1
209,73,1
212,73,1
218,73,1
76,74,1
77,74,1
82,74,1
90,74,1
130,74,1
132,74,1
211,74,1
218,74,1
236,74,1
90,75,1
106,75,1
209,75,1
218,75,1
90,77,1
91,77,1
101,77,1
132,77,1
235,77,1
236,77,1
91,78,1
93,78,1
125,78,1
190,78,1
206,78,1
91,79,1
172,79,1
190,79,1
190,80,1
190,81,1
84,83,1
85,83,1
86,84,1
101,84,1
106,84,1
111,84,1
116,84,1
117,84,1
118,84,1
120,84,1
121,84,1
123,84,1
125,84,1
129,84,1
130,84,1
132,84,1
137,84,1
142,84,1
151,84,1
152,84,1
155,84,1
156,84,1
158,84,1
163,84,1
172,84,1
175,84,1
180,84,1
187,84,1
188,84,1
189,84,1
190,84,1
193,84,1
199,84,1
201,84,1
202,84,1
203,84,1
205,84,1
213,84,1
224,84,1
226,84,1
241,84,1
108,85,1
137,85,1
211,85,1
218,85,1
235,85,1
87,86,1
93,86,1
98,86,1
101,86,1
106,86,1
109,86,1
110,86,1
114,86,1
117,86,1
118,86,1
121,86,1
125,86,1
129,86,1
130,86,1
132,86,1
149,86,1
151,86,1
152,86,1
155,86,1
156,86,1
157,86,1
163,86,1
172,86,1
175,86,1
180,86,1
187,86,1
188,86,1
189,86,1
190,86,1
191,86,1
198,86,1
199,86,1
203,86,1
204,86,1
205,86,1
206,86,1
207,86,1
215,86,1
241,86,1
103,87,1
106,87,1
109,87,1
117,87,1
119,87,1
142,87,1
150,87,1
190,88,1
102,89,1
105,89,1
123,89,1
137,89,1
212,89,1
236,89,1
91,90,1
119,90,1
125,90,1
130,90,1
132,90,1
187,90,1
213,90,1
218,90,1
239,90,1
104,93,1
114,93,1
131,93,1
145,93,1
216,93,1
235,93,1
190,94,1
119,95,1
142,95,1
172,95,1
198,95,1
204,95,1
206,95,1
207,95,1
240,95,1
241,95,1
97,96,1
125,96,1
127,96,1
206,96,1
165,97,1
166,97,1
167,97,1
176,97,1
177,97,1
187,97,1
221,97,1
227,97,1
250,97,1
251,97,1
253,97,1
254,97,1
278,97,1
280,97,1
101,98,1
119,98,1
121,98,1
123,98,1
125,98,1
145,98,1
150,98,1
172,98,1
184,98,1
186,98,1
191,98,1
198,98,1
202,98,1
204,98,1
205,98,1
207,98,1
215,98,1
225,98,1
226,98,1
256,98,1
105,99,1
107,99,1
134,99,1
137,99,1
101,100,1
102,100,1
103,100,1
104,100,1
116,100,1
120,100,1
113,101,1
114,101,1
132,101,1
203,101,1
208,101,1
224,101,1
103,102,1
104,102,1
113,102,1
114,102,1
132,102,1
135,102,1
136,102,1
137,102,1
142,102,1
208,102,1
105,103,1
108,103,1
110,103,1
116,103,1
123,103,1
137,103,1
139,103,1
191,103,1
198,103,1
201,103,1
123,104,1
131,104,1
137,104,1
149,104,1
222,104,1
223,104,1
106,105,1
107,105,1
108,105,1
109,105,1
111,105,1
112,105,1
139,105,1
198,105,1
109,106,1
119,106,1
130,106,1
209,106,1
124,107,1
128,107,1
135,107,1
139,107,1
191,107,1
110,108,1
112,108,1
114,108,1
122,108,1
130,108,1
137,108,1
139,108,1
142,108,1
191,108,1
111,109,1
114,109,1
117,109,1
118,109,1
121,109,1
122,109,1
142,109,1
143,109,1
191,109,1
205,109,1
112,110,1
139,110,1
191,110,1
198,110,1
145,111,1
172,111,1
187,111,1
190,111,1
195,111,1
198,111,1
201,111,1
205,111,1
226,111,1
233,111,1
137,112,1
198,112,1
222,112,1
223,112,1
115,113,1
116,113,1
124,113,1
127,113,1
135,113,1
138,113,1
140,113,1
141,113,1
145,113,1
191,113,1
215,113,1
115,114,1
120,114,1
121,114,1
122,114,1
124,114,1
129,114,1
130,114,1
131,114,1
132,114,1
133,114,1
135,114,1
138,114,1
142,114,1
195,114,1
210,114,1
224,114,1
239,114,1
121,115,1
122,115,1
124,115,1
127,115,1
136,115,1
138,115,1
139,115,1
117,116,1
118,116,1
132,116,1
141,116,1
142,116,1
191,116,1
118,117,1
119,117,1
121,117,1
125,117,1
129,117,1
142,117,1
149,117,1
151,117,1
152,117,1
153,117,1
156,117,1
160,117,1
161,117,1
162,117,1
163,117,1
167,117,1
170,117,1
172,117,1
173,117,1
176,117,1
178,117,1
179,117,1
181,117,1
182,117,1
184,117,1
186,117,1
191,117,1
194,117,1
198,117,1
201,117,1
224,117,1
226,117,1
255,117,1
256,117,1
257,117,1
261,117,1
121,118,1
125,118,1
129,118,1
149,118,1
150,118,1
151,118,1
152,118,1
153,118,1
156,118,1
159,118,1
160,118,1
162,118,1
163,118,1
166,118,1
167,118,1
170,118,1
172,118,1
173,118,1
174,118,1
176,118,1
178,118,1
179,118,1
181,118,1
182,118,1
184,118,1
192,118,1
193,118,1
194,118,1
201,118,1
203,118,1
204,118,1
207,118,1
216,118,1
220,118,1
224,118,1
226,118,1
228,118,1
257,118,1
123,119,1
125,119,1
130,119,1
142,119,1
148,119,1
149,119,1
170,119,1
172,119,1
174,119,1
191,119,1
198,119,1
199,119,1
201,119,1
204,119,1
205,119,1
220,119,1
142,120,1
191,120,1
208,120,1
122,121,1
123,121,1
124,121,1
125,121,1
124,122,1
138,122,1
139,122,1
143,122,1
147,122,1
148,122,1
150,122,1
205,122,1
145,123,1
149,123,1
198,123,1
199,123,1
200,123,1
201,123,1
202,123,1
203,123,1
215,123,1
228,123,1
229,123,1
259,123,1
135,124,1
138,124,1
143,124,1
137,125,1
151,125,1
154,125,1
160,125,1
168,125,1
171,125,1
172,125,1
177,125,1
184,125,1
187,125,1
192,125,1
205,125,1
206,125,1
217,125,1
232,125,1
248,125,1
253,125,1
255,125,1
256,125,1
257,125,1
258,125,1
262,125,1
263,125,1
265,125,1
266,125,1
267,125,1
127,126,1
208,126,1
134,128,1
139,128,1
137,129,1
224,129,1
239,129,1
131,130,1
137,130,1
142,130,1
198,130,1
205,130,1
210,130,1
211,130,1
213,130,1
215,130,1
218,130,1
132,131,1
133,131,1
218,131,1
223,131,1
225,131,1
133,132,1
191,132,1
210,132,1
211,132,1
212,132,1
213,132,1
215,132,1
218,132,1
137,133,1
178,133,1
179,133,1
196,133,1
197,133,1
200,133,1
202,133,1
214,133,1
219,133,1
224,133,1
135,134,1
136,135,1
138,135,1
143,135,1
208,135,1
138,136,1
141,136,1
172,137,1
177,137,1
185,137,1
201,137,1
211,137,1
212,137,1
213,137,1
217,137,1
218,137,1
224,137,1
228,137,1
229,137,1
232,137,1
241,137,1
247,137,1
248,137,1
254,137,1
258,137,1
259,137,1
261,137,1
143,138,1
147,139,1
205,139,1
141,140,1
149,140,1
208,140,1
144,141,1
145,141,1
149,141,1
146,142,1
148,142,1
150,142,1
163,142,1
164,142,1
169,142,1
173,142,1
182,142,1
186,142,1
191,142,1
199,142,1
202,142,1
204,142,1
205,142,1
238,142,1
244,142,1
261,142,1
282,142,1
284,142,1
149,145,1
187,145,1
191,145,1
193,145,1
195,145,1
199,145,1
200,145,1
202,145,1
218,145,1
228,145,1
229,145,1
284,145,1
147,146,1
148,146,1
191,146,1
148,147,1
150,147,1
187,148,1
193,148,1
195,148,1
198,148,1
199,148,1
200,148,1
205,148,1
213,148,1
219,148,1
226,148,1
245,148,1
198,149,1
199,149,1
202,149,1
215,149,1
216,149,1
199,150,1
202,150,1
205,150,1
159,151,1
172,151,1
187,151,1
200,151,1
230,151,1
165,152,1
249,152,1
253,152,1
268,152,1
161,153,1
166,153,1
167,153,1
177,153,1
227,153,1
249,153,1
253,153,1
160,154,1
172,154,1
197,154,1
161,155,1
189,155,1
197,155,1
232,155,1
168,156,1
189,156,1
231,156,1
162,157,1
191,157,1
192,157,1
231,157,1
163,158,1
192,158,1
269,158,1
197,159,1
200,159,1
206,159,1
219,159,1
172,160,1
187,160,1
189,160,1
197,160,1
200,160,1
219,160,1
162,161,1
189,161,1
231,161,1
233,161,1
163,162,1
231,162,1
234,162,1
269,162,1
275,162,1
164,163,1
191,163,1
269,163,1
271,163,1
276,163,1
165,164,1
272,164,1
273,164,1
276,164,1
166,165,1
277,165,1
167,166,1
177,166,1
195,166,1
221,166,1
226,166,1
227,166,1
228,166,1
177,167,1
221,167,1
227,167,1
250,167,1
259,167,1
172,168,1
189,168,1
231,168,1
234,168,1
269,168,1
172,169,1
234,169,1
269,169,1
270,169,1
271,169,1
272,169,1
273,169,1
277,169,1
172,170,1
177,170,1
207,170,1
255,170,1
256,170,1
258,170,1
185,171,1
190,171,1
202,171,1
213,171,1
217,171,1
246,171,1
177,172,1
184,172,1
185,172,1
187,172,1
192,172,1
201,172,1
203,172,1
204,172,1
205,172,1
206,172,1
207,172,1
216,172,1
220,172,1
226,172,1
240,172,1
247,172,1
253,172,1
254,172,1
257,172,1
259,172,1
261,172,1
262,172,1
264,172,1
265,172,1
266,172,1
267,172,1
178,173,1
187,173,1
191,173,1
187,174,1
190,174,1
176,175,1
246,175,1
277,175,1
177,176,1
226,176,1
227,176,1
249,176,1
183,177,1
220,177,1
221,177,1
253,177,1
254,177,1
255,177,1
256,177,1
257,177,1
258,177,1
259,177,1
179,178,1
196,178,1
197,178,1
200,178,1
219,178,1
237,178,1
180,179,1
189,179,1
197,179,1
219,179,1
233,179,1
181,180,1
231,180,1
233,180,1
182,181,1
231,181,1
275,181,1
188,182,1
191,182,1
284,183,1
194,184,1
256,184,1
259,184,1
199,185,1
213,185,1
217,185,1
218,185,1
246,185,1
261,185,1
190,186,1
191,186,1
195,187,1
199,187,1
202,187,1
203,187,1
204,187,1
207,187,1
219,187,1
220,187,1
221,187,1
245,187,1
284,187,1
269,188,1
271,188,1
276,188,1
204,189,1
207,189,1
230,189,1
232,189,1
233,189,1
237,189,1
245,189,1
195,190,1
203,190,1
204,190,1
207,190,1
213,190,1
217,190,1
218,190,1
224,190,1
226,190,1
242,190,1
243,190,1
247,190,1
248,190,1
295,190,1
296,190,1
202,191,1
215,191,1
225,191,1
238,191,1
244,191,1
260,191,1
231,192,1
234,192,1
269,192,1
271,192,1
275,192,1
276,192,1
195,193,1
203,193,1
210,193,1
213,193,1
214,193,1
244,193,1
283,193,1
204,194,1
207,194,1
226,194,1
210,195,1
213,195,1
214,195,1
226,195,1
244,195,1
250,195,1
283,195,1
200,196,1
219,197,1
230,197,1
232,197,1
237,197,1
245,197,1
199,198,1
200,198,1
205,198,1
225,198,1
228,198,1
202,199,1
207,199,1
226,199,1
227,199,1
244,199,1
283,199,1
219,200,1
230,200,1
238,200,1
245,200,1
282,200,1
203,201,1
205,202,1
226,202,1
227,202,1
228,202,1
244,202,1
283,202,1
215,203,1
218,203,1
226,203,1
205,204,1
207,204,1
219,204,1
220,204,1
221,204,1
225,204,1
226,204,1
231,204,1
233,204,1
238,204,1
245,204,1
250,204,1
252,204,1
213,206,1
217,206,1
225,206,1
225,207,1
231,207,1
233,207,1
238,207,1
245,207,1
252,207,1
256,207,1
211,210,1
213,210,1
218,210,1
235,211,1
214,213,1
217,213,1
218,214,1
216,215,1
225,216,1
239,216,1
230,219,1
232,219,1
237,219,1
245,219,1
282,219,1
252,220,1
256,220,1
284,221,1
228,226,1
229,226,1
253,227,1
284,227,1
229,228,1
255,228,1
257,228,1
255,229,1
257,229,1
232,231,1
238,231,1
245,231,1
233,232,1
234,232,1
237,233,1
238,233,1
245,233,1
262,233,1
263,233,1
245,234,1
275,234,1
238,237,1
245,238,1
282,238,1
245,244,1
283,244,1
284,244,1
252,245,1
269,245,1
271,245,1
275,245,1
282,245,1
283,245,1
268,246,1
277,246,1
279,246,1
248,247,1
253,249,1
277,249,1
284,249,1
256,252,1
268,253,1
273,253,1
257,255,1
259,258,1
275,263,1
275,264,1
275,265,1
276,265,1
276,267,1
277,267,1
274,268,1
277,268,1
278,268,1
284,268,1
270,269,1
275,269,1
271,270,1
272,271,1
276,271,1
278,271,1
284,271,1
273,272,1
274,273,1
276,273,1
278,273,1
284,273,1
278,274,1
284,275,1
279,276,1
283,276,1
284,276,1
278,277,1
280,277,1
284,277,1
238,67,0
250,79,0
215,120,0
221,127,0
237,129,0
121,38,0
207,175,0
228,84,0
117,83,0
268,227,0
96,83,0
177,80,0
227,60,0
210,144,0
155,57,0
269,235,0
246,191,0
219,70,0
267,12,0
92,58,0
249,207,0
128,15,0
155,123,0
277,51,0
141,80,0
125,6,0
292,206,0
183,140,0
285,131,0
144,40,0
200,179,0
89,21,0
216,165,0
215,85,0
127,105,0
104,54,0
256,118,0
28,20,0
186,29,0
231,87,0
169,43,0
281,249,0
275,202,0
274,165,0
238,124,0
293,205,0
281,2,0
49,11,0
93,76,0
295,93,0
288,101,0
264,60,0
181,83,0
272,144,0
45,5,0
176,131,0
276,201,0
293,70,0
269,121,0
246,51,0
165,19,0
138,58,0
274,111,0
210,178,0
223,210,0
163,131,0
145,89,0
282,87,0
171,27,0
209,137,0
272,135,0
196,72,0
113,65,0
244,169,0
278,7,0
285,130,0
270,187,0
221,73,0
183,10,0
289,59,0
153,66,0
150,91,0
91,25,0
280,256,0
180,118,0
126,113,0
153,6,0
278,229,0
184,166,0
193,65,0
262,229,0
224,109,0
231,1,0
219,19,0
273,71,0
276,246,0
233,87,0
280,75,0
86,25,0
209,164,0
123,117,0
141,121,0
250,143,0
187,131,0
191,139,0
222,83,0
279,57,0
293,76,0
176,156,0
105,48,0
259,190,0
229,31,0
165,102,0
164,116,0
264,191,0
185,144,0
248,25,0
179,93,0
54,17,0
148,27,0
87,71,0
149,116,0
208,76,0
130,121,0
95,39,0
41,18,0
111,75,0
241,169,0
163,7,0
230,215,0
185,174,0
41,20,0
45,9,0
152,101,0
174,78,0
263,223,0
281,183,0
292,69,0
268,203,0
170,49,0
195,180,0
192,178,0
262,121,0
279,108,0
90,60,0
179,126,0
127,21,0
205,203,0
172,30,0
258,162,0
155,78,0
163,161,0
96,63,0
270,37,0
145,115,0
238,219,0
208,111,0
263,151,0
228,28,0
57,35,0
199,67,0
170,41,0
251,64,0
290,199,0
215,115,0
288,130,0
165,149,0
214,188,0
40,3,0
173,167,0
278,62,0
210,16,0
235,153,0
295,60,0
216,211,0
272,61,0
263,79,0
256,191,0
172,115,0
55,31,0
263,41,0
272,175,0
262,119,0
45,10,0
142,93,0
244,101,0
207,16,0
202,20,0
126,8,0
228,188,0
214,128,0
186,176,0
157,90,0
236,220,0
254,45,0
157,145,0
93,91,0
271,210,0
118,53,0
253,18,0
279,73,0
181,170,0
49,34,0
125,11,0
156,69,0
98,89,0
177,47,0
194,121,0
281,160,0
206,6,0
278,223,0
150,84,0
103,64,0
158,141,0
287,168,0
108,104,0
86,66,0
276,93,0
142,83,0
290,152,0
99,71,0
20,8,0
183,158,0
184,9,0
101,21,0
292,79,0
42,10,0
264,2,0
134,5,0
120,7,0
167,136,0
237,235,0
216,46,0
284,186,0
137,31,0
265,189,0
285,270,0
280,11,0
125,105,0
181,36,0
170,153,0
275,114,0
199,173,0
212,177,0
57,12,0
274,249,0
271,24,0
156,146,0
233,216,0
270,259,0
166,19,0
238,197,0
214,69,0
157,138,0
124,16,0
6,1,0
95,93,0
199,28,0
155,99,0
237,8,0
157,39,0
19,11,0
261,144,0
221,149,0
290,110,0
136,44,0
233,143,0
283,30,0
154,108,0
42,39,0
103,58,0
141,62,0
175,77,0
69,41,0
249,246,0
288,156,0
25,16,0
242,69,0
252,133,0
289,175,0
239,126,0
127,71,0
140,99,0
238,103,0
278,186,0
94,61,0
291,30,0
286,268,0
275,22,0
62,21,0
273,256,0
250,16,0
108,96,0
181,38,0
217,154,0
241,61,0
71,12,0
197,80,0
66,22,0
244,170,0
85,79,0
50,11,0
262,228,0
206,94,0
153,128,0
272,120,0
218,72,0
141,37,0
147,134,0
147,112,0
201,162,0
160,82,0
214,10,0
125,14,0
198,37,0
281,148,0
244,242,0
216,188,0
230,127,0
110,59,0
252,75,0
182,124,0
247,56,0
262,259,0
255,56,0
292,51,0
195,108,0
89,88,0
190,43,0
235,138,0
255,135,0
208,139,0
240,42,0
274,97,0
269,111,0
262,38,0
233,205,0
263,211,0
142,125,0
132,83,0
89,66,0
296,72,0
236,137,0
28,22,0
254,65,0
21,14,0
235,152,0
145,58,0
289,201,0
109,23,0
69,9,0
112,38,0
291,199,0
212,97,0
71,47,0
251,249,0
197,186,0
191,77,0
274,188,0
293,7,0
182,24,0
228,185,0
166,150,0
245,59,0
221,165,0
134,50,0
269,6,0
294,78,0
151,134,0
131,23,0
256,187,0
140,135,0
164,118,0
211,45,0
254,237,0
79,39,0
233,1,0
251,205,0
52,41,0
92,73,0
93,49,0
39,4,0
270,195,0
142,27,0
272,0,0
93,10,0
264,58,0
259,45,0
270,256,0
227,37,0
90,26,0
199,89,0
99,13,0
218,65,0
186,172,0
141,105,0
260,105,0
139,134,0
245,112,0
243,66,0
240,128,0
284,231,0
292,234,0
159,142,0
220,179,0
121,48,0
66,49,0
171,32,0
190,110,0
152,24,0
207,206,0
214,0,0
190,19,0
127,54,0
261,199,0
244,129,0
276,144,0
274,35,0
231,117,0
200,135,0
257,116,0
156,111,0
277,186,0
226,100,0
223,141,0
72,41,0
84,79,0
244,53,0
101,81,0
239,46,0
113,86,0
293,139,0
68,30,0
199,55,0
139,69,0
284,190,0
294,11,0
62,39,0
153,36,0
268,133,0
248,53,0
247,197,0
250,40,0
109,34,0
169,159,0
123,7,0
141,74,0
155,9,0
197,74,0
157,132,0
221,43,0
109,13,0
205,92,0
184,169,0
174,166,0
270,149,0
234,45,0
205,134,0
294,89,0
182,93,0
274,219,0
234,152,0
170,73,0
129,109,0
231,195,0
110,27,0
279,7,0
142,33,0
230,226,0
81,27,0
252,5,0
221,78,0
209,18,0
139,49,0
236,6,0
88,76,0
165,135,0
168,66,0
88,53,0
254,92,0
34,0,0
217,9,0
160,100,0
224,185,0
137,34,0
264,162,0
153,57,0
155,19,0
139,133,0
275,113,0
217,193,0
219,165,0
174,104,0
219,43,0
254,216,0
100,54,0
277,2,0
191,16,0
108,0,0
287,26,0
96,23,0
135,87,0
11,1,0
249,31,0
128,121,0
203,21,0
181,39,0
24,23,0
277,69,0
160,69,0
250,128,0
276,221,0
165,27,0
254,108,0
227,157,0
43,1,0
175,174,0
202,13,0
281,37,0
256,171,0
253,107,0
109,88,0
73,47,0
195,95,0
129,53,0
281,235,0
166,119,0
284,150,0
141,10,0
285,192,0
282,137,0
245,103,0
210,162,0
286,147,0
167,134,0
282,271,0
111,88,0
148,111,0
249,211,0
246,10,0
214,78,0
170,30,0
227,200,0
229,187,0
220,30,0
135,125,0
110,65,0
130,66,0
246,163,0
166,90,0
155,31,0
275,54,0
198,18,0
279,69,0
287,178,0
226,105,0
209,175,0
224,15,0
172,162,0
267,190,0
155,50,0
255,250,0
217,138,0
169,57,0
286,96,0
213,97,0
273,192,0
274,150,0
147,91,0
174,126,0
249,186,0
269,84,0
288,260,0
208,153,0
286,244,0
224,140,0
195,128,0
197,54,0
173,81,0
219,41,0
158,129,0
87,26,0
273,95,0
237,192,0
212,136,0
162,78,0
258,191,0
260,166,0
285,202,0
208,174,0
193,110,0
132,9,0
81,0,0
211,142,0
295,117,0
272,167,0
55,7,0
114,25,0
209,125,0
227,74,0
276,40,0
251,207,0
258,171,0
181,155,0
38,0,0
239,16,0
269,80,0
195,136,0
182,53,0
251,244,0
221,4,0
176,125,0
285,199,0
239,80,0
271,95,0
162,140,0
283,9,0
92,21,0
243,225,0
193,106,0
280,276,0
45,21,0
165,130,0
236,202,0
10,0,0
277,177,0
186,61,0
244,210,0
154,32,0
178,175,0
140,13,0
291,255,0
275,106,0
169,82,0
237,23,0
265,110,0
200,113,0
249,201,0
274,174,0
125,62,0
236,229,0
92,62,0
92,52,0
290,119,0
210,109,0
179,130,0
247,14,0
129,94,0
83,69,0
266,123,0
142,66,0
122,86,0
212,62,0
163,94,0
268,108,0
258,59,0
257,230,0
255,119,0
163,95,0
45,4,0
263,175,0
246,91,0
286,122,0
229,11,0
286,155,0
98,45,0
250,156,0
289,73,0
207,144,0
217,153,0
191,169,0
126,40,0
45,12,0
187,33,0
141,82,0
207,52,0
198,104,0
187,31,0
125,124,0
158,25,0
216,119,0
65,18,0
270,183,0
266,223,0
241,55,0
188,95,0
159,106,0
259,226,0
96,88,0
232,76,0
263,95,0
254,80,0
265,101,0
250,125,0
220,162,0
148,134,0
287,162,0
246,35,0
144,95,0
243,20,0
257,209,0
188,76,0
270,214,0
269,216,0
261,91,0
234,131,0
292,237,0
104,30,0
286,259,0
253,114,0
101,75,0
250,62,0
79,17,0
295,162,0
271,23,0
183,3,0
183,18,0
84,17,0
217,41,0
239,159,0
264,84,0
167,56,0
67,11,0
119,96,0
281,26,0
246,179,0
70,2,0
295,12,0
227,41,0
216,49,0
150,62,0
278,220,0
292,183,0
253,141,0
264,61,0
69,6,0
276,251,0
140,124,0
204,27,0
192,80,0
96,32,0
103,15,0
290,67,0
231,107,0
143,68,0
157,66,0
131,100,0
229,26,0
154,149,0
214,41,0
138,81,0
190,74,0
128,108,0
218,69,0
177,7,0
76,48,0
94,18,0
184,7,0
264,73,0
252,175,0
130,59,0
178,39,0
251,111,0
124,123,0
250,22,0
156,26,0
266,16,0
282,250,0
220,134,0
264,48,0
224,83,0
230,224,0
122,12,0
232,174,0
171,18,0
191,73,0
140,103,0
247,145,0
254,166,0
268,14,0
174,99,0
281,124,0
248,206,0
289,180,0
220,74,0
130,127,0
284,204,0
33,28,0
199,103,0
274,11,0
169,47,0
257,34,0
98,31,0
180,149,0
203,61,0
100,35,0
246,174,0
61,30,0
213,55,0
199,95,0
189,35,0
231,20,0
254,33,0
219,150,0
110,8,0
129,32,0
186,153,0
81,14,0
121,15,0
242,166,0
100,32,0
252,55,0
227,61,0
258,69,0
211,201,0
231,85,0
177,138,0
162,92,0
285,71,0
264,195,0
256,166,0
215,180,0
242,57,0
253,43,0
56,15,0
183,160,0
225,154,0
119,33,0
55,20,0
263,238,0
187,112,0
196,148,0
94,27,0
67,49,0
168,104,0
189,50,0
114,104,0
255,225,0
56,10,0
269,87,0
219,15,0
132,76,0
295,203,0
176,146,0
137,114,0
207,30,0
146,23,0
195,27,0
251,76,0
211,156,0
199,112,0
168,158,0
234,109,0
294,71,0
240,99,0
134,84,0
231,56,0
94,2,0
61,11,0
152,83,0
206,111,0
169,153,0
91,0,0
137,8,0
102,83,0
79,38,0
281,103,0
293,228,0
127,31,0
161,50,0
218,204,0
231,148,0
296,5,0
247,86,0
89,43,0
278,270,0
244,128,0
130,19,0
158,62,0
129,115,0
112,11,0
259,7,0
268,224,0
255,164,0
43,5,0
134,12,0
178,158,0
117,63,0
287,211,0
76,26,0
265,180,0
215,175,0
256,44,0
241,90,0
219,96,0
163,116,0
138,132,0
293,267,0
91,68,0
287,164,0
249,109,0
291,169,0
140,24,0
251,20,0
258,22,0
278,17,0
114,24,0
283,42,0
294,58,0
250,169,0
222,193,0
127,55,0
161,25,0
190,149,0
272,134,0
274,152,0
233,140,0
96,87,0
271,260,0
131,119,0
167,57,0
174,73,0
289,113,0
143,21,0
246,115,0
171,158,0
249,204,0
207,169,0
157,109,0
230,125,0
263,228,0
207,181,0
200,185,0
120,94,0
172,146,0
230,56,0
100,25,0
205,51,0
286,185,0
167,107,0
168,164,0
239,132,0
70,24,0
232,190,0
296,107,0
146,94,0
282,253,0
209,171,0
260,117,0
282,225,0
219,124,0
205,8,0
62,2,0
143,90,0
198,80,0
283,129,0
143,46,0
154,70,0
84,36,0
261,4,0
237,162,0
257,155,0
233,80,0
268,128,0
282,246,0
283,243,0
114,64,0
275,119,0
188,112,0
280,90,0
275,87,0
164,37,0
108,76,0
261,125,0
98,52,0
257,178,0
232,21,0
115,55,0
272,241,0
183,152,0
197,65,0
215,91,0
243,120,0
265,107,0
296,162,0
136,65,0
127,73,0
150,7,0
233,96,0
252,106,0
151,87,0
216,78,0
167,112,0
296,15,0
290,76,0
281,248,0
93,27,0
215,74,0
86,55,0
125,16,0
282,61,0
30,19,0
165,56,0
164,140,0
206,157,0
283,81,0
113,37,0
186,119,0
254,88,0
288,222,0
240,34,0
213,198,0
232,196,0
231,26,0
230,153,0
265,130,0
232,112,0
260,30,0
116,63,0
271,67,0
93,83,0
184,17,0
146,131,0
236,39,0
136,118,0
234,46,0
284,18,0
278,92,0
240,48,0
188,87,0
199,11,0
251,210,0
283,161,0
273,107,0
206,30,0
232,88,0
230,109,0
222,85,0
256,162,0
223,167,0
261,45,0
193,161,0
181,143,0
180,173,0
284,278,0
277,181,0
127,120,0
101,97,0
144,34,0
195,93,0
126,65,0
180,142,0
263,240,0
111,45,0
261,128,0
281,80,0
236,105,0
293,107,0
159,146,0
185,99,0
242,98,0
223,200,0
236,169,0
248,97,0
118,31,0
282,110,0
157,35,0
58,9,0
151,131,0
134,132,0
253,126,0
218,38,0
118,69,0
286,48,0
289,172,0
92,7,0
188,157,0
143,104,0
148,25,0
178,76,0
287,129,0
188,98,0
104,47,0
73,39,0
232,136,0
112,23,0
276,99,0
193,116,0
282,190,0
104,71,0
204,32,0
260,33,0
262,135,0
132,55,0
256,6,0
181,99,0
219,80,0
288,3,0
149,18,0
115,64,0
260,184,0
113,95,0
236,142,0
288,231,0
268,15,0
290,78,0
245,108,0
250,192,0
284,133,0
210,22,0
141,50,0
96,68,0
77,4,0
263,129,0
293,238,0
197,69,0
181,167,0
208,147,0
214,148,0
102,95,0
103,49,0
294,35,0
169,15,0
236,122,0
128,17,0
215,62,0
136,61,0
240,196,0
256,24,0
158,147,0
64,16,0
275,256,0
160,142,0
95,49,0
229,60,0
98,15,0
154,142,0
270,59,0
206,80,0
280,170,0
229,8,0
81,67,0
239,203,0
155,18,0
295,230,0
164,76,0
174,131,0
245,24,0
159,113,0
77,38,0
74,62,0
271,65,0
240,36,0
139,6,0
251,224,0
191,83,0
140,56,0
227,191,0
182,179,0
159,94,0
187,132,0
238,12,0
164,156,0
242,73,0
125,114,0
218,0,0
165,32,0
260,156,0
227,129,0
254,98,0
217,54,0
261,141,0
162,97,0
264,216,0
270,236,0
291,50,0
295,83,0
67,29,0
258,61,0
258,165,0
270,176,0
27,13,0
164,153,0
145,84,0
258,217,0
24,2,0
268,79,0
28,21,0
280,231,0
222,188,0
141,34,0
235,25,0
217,107,0
163,68,0
158,42,0
248,184,0
232,84,0
208,184,0
219,1,0
188,20,0
171,149,0
293,261,0
246,226,0
151,10,0
37,31,0
238,183,0
104,4,0
272,42,0
64,49,0
282,207,0
274,129,0
231,212,0
266,20,0
212,3,0
296,117,0
231,42,0
223,115,0
250,63,0
296,239,0
227,107,0
279,84,0
242,53,0
225,68,0
293,158,0
190,38,0
204,69,0
155,109,0
231,48,0
282,272,0
255,113,0
248,45,0
260,173,0
232,154,0
121,107,0
238,201,0
228,132,0
182,58,0
222,46,0
135,37,0
172,93,0
227,88,0
143,27,0
135,98,0
250,75,0
252,210,0
231,163,0
268,100,0
252,126,0
203,157,0
203,138,0
155,154,0
23,8,0
280,43,0
235,182,0
98,17,0
210,96,0
254,16,0
195,40,0
226,182,0
213,157,0
192,4,0
158,41,0
225,70,0
201,180,0
210,126,0
78,2,0
246,54,0
167,51,0
132,34,0
138,33,0
285,58,0
109,84,0
257,31,0
240,184,0
49,27,0
283,126,0
137,40,0
261,86,0
208,144,0
61,45,0
264,131,0
201,72,0
181,131,0
243,11,0
107,3,0
192,23,0
233,152,0
182,100,0
208,47,0
276,107,0
166,18,0
130,89,0
259,121,0
184,140,0
113,94,0
140,105,0
262,10,0
191,171,0
248,98,0
283,246,0
147,5,0
253,200,0
210,156,0
187,92,0
55,53,0
194,26,0
99,66,0
144,11,0
207,117,0
180,30,0
178,136,0
90,70,0
286,94,0
227,168,0
121,89,0
237,62,0
294,39,0
183,82,0
193,105,0
134,133,0
173,132,0
259,144,0
164,33,0
157,77,0
247,146,0
186,43,0
223,188,0
150,125,0
227,78,0
266,100,0
246,65,0
148,38,0
243,237,0
205,118,0
139,87,0
163,47,0
296,220,0
164,109,0
255,223,0
108,81,0
210,76,0
266,37,0
292,66,0
199,90,0
279,174,0
54,50,0
250,165,0
291,74,0
121,99,0
139,50,0
21,19,0
251,74,0
261,237,0
61,18,0
257,49,0
220,50,0
175,69,0
278,49,0
257,80,0
126,122,0
203,93,0
175,60,0
63,60,0
171,11,0
291,57,0
284,105,0
276,15,0
244,13,0
198,177,0
278,20,0
123,42,0
166,15,0
206,182,0
200,8,0
240,155,0
212,170,0
287,62,0
241,217,0
222,170,0
251,5,0
265,24,0
203,130,0
55,27,0
140,29,0
262,221,0
265,154,0
198,157,0
97,45,0
259,25,0
288,181,0
91,16,0
252,121,0
295,92,0
142,85,0
279,154,0
277,129,0
292,121,0
243,49,0
117,67,0
274,34,0
158,148,0
275,83,0
135,35,0
118,64,0
245,240,0
119,48,0
180,65,0
254,48,0
250,136,0
233,112,0
293,64,0
28,10,0
105,83,0
289,131,0
97,76,0
92,43,0
244,93,0
201,178,0
194,130,0
240,63,0
273,115,0
118,15,0
169,97,0
144,142,0
232,66,0
224,188,0
290,225,0
132,63,0
79,57,0
269,240,0
152,127,0
200,61,0
170,91,0
251,120,0
213,68,0
120,8,0
262,35,0
285,79,0
238,63,0
199,2,0
235,103,0
168,166,0
98,88,0
209,95,0
176,69,0
278,4,0
231,159,0
214,2,0
212,143,0
169,4,0
206,25,0
277,35,0
143,37,0
258,161,0
187,161,0
190,119,0
248,156,0
218,3,0
141,8,0
120,44,0
82,40,0
39,20,0
242,81,0
291,16,0
111,55,0
28,26,0
271,90,0
209,19,0
126,12,0
236,179,0
113,78,0
105,49,0
232,54,0
61,17,0
60,36,0
181,104,0
261,96,0
153,26,0
260,192,0
185,150,0
49,22,0
218,148,0
150,19,0
161,80,0
249,38,0
274,233,0
294,121,0
276,148,0
61,16,0
139,88,0
224,20,0
263,178,0
223,65,0
151,69,0
223,93,0
291,152,0
284,235,0
123,114,0
233,56,0
74,24,0
226,57,0
238,235,0
141,5,0
171,17,0
147,87,0
189,76,0
158,104,0
229,173,0
111,67,0
36,11,0
207,126,0
177,62,0
3,1,0
252,229,0
116,4,0
192,21,0
37,16,0
132,82,0
161,145,0
207,90,0
256,163,0
270,164,0
145,67,0
234,28,0
60,54,0
198,154,0
30,8,0
132,4,0
120,37,0
242,179,0
277,205,0
177,147,0
290,241,0
232,133,0
229,1,0
189,92,0
277,162,0
237,215,0
162,147,0
136,89,0
292,230,0
213,174,0
285,85,0
292,81,0
231,193,0
184,27,0
226,188,0
290,132,0
269,133,0
195,24,0
155,103,0
84,25,0
289,150,0
131,81,0
270,165,0
215,90,0
220,153,0
57,15,0
248,139,0
185,67,0
257,165,0
198,135,0
128,92,0
228,76,0
280,253,0
244,206,0
222,194,0
176,173,0
294,275,0
251,225,0
241,20,0
183,31,0
165,100,0
150,135,0
217,89,0
269,178,0
64,33,0
229,143,0
212,141,0
247,45,0
204,135,0
277,146,0
127,22,0
236,10,0
97,32,0
130,46,0
154,24,0
256,82,0
106,25,0
280,198,0
238,154,0
267,87,0
181,105,0
133,128,0
126,114,0
101,55,0
272,4,0
63,48,0
286,269,0
286,34,0
220,169,0
80,46,0
164,21,0
158,138,0
227,24,0
178,174,0
281,215,0
41,31,0
153,65,0
171,106,0
273,187,0
169,98,0
96,7,0
166,51,0
153,11,0
229,0,0
103,0,0
29,19,0
219,76,0
268,198,0
190,167,0
293,257,0
161,17,0
296,260,0
161,60,0
172,114,0
173,148,0
212,192,0
41,10,0
270,216,0
137,55,0
241,17,0
179,26,0
125,20,0
284,16,0
280,137,0
141,44,0
279,141,0
138,127,0
266,72,0
191,170,0
218,172,0
289,254,0
123,87,0
187,81,0
242,128,0
293,181,0
276,103,0
84,27,0
126,84,0
221,122,0
219,131,0
293,13,0
179,167,0
177,23,0
234,165,0
224,216,0
198,75,0
45,26,0
234,202,0
204,75,0
296,295,0
114,60,0
244,9,0
292,110,0
161,64,0
269,159,0
156,153,0
202,114,0
227,3,0
204,109,0
133,98,0
107,17,0
150,59,0
255,118,0
215,70,0
115,96,0
84,48,0
264,9,0
186,131,0
204,3,0
263,60,0
226,197,0
69,32,0
197,42,0
135,101,0
290,118,0
293,151,0
279,86,0
240,33,0
234,167,0
161,87,0
223,125,0
259,107,0
240,109,0
105,88,0
284,45,0
208,202,0
121,25,0
170,100,0
128,55,0
142,123,0
274,125,0
282,269,0
286,101,0
243,166,0
96,75,0
202,45,0
209,187,0
267,151,0
96,27,0
231,97,0
273,125,0
223,165,0
293,37,0
254,40,0
157,38,0
113,46,0
162,46,0
270,157,0
81,48,0
278,153,0
143,5,0
205,55,0
86,38,0
271,175,0
225,192,0
242,214,0
216,63,0
181,123,0
215,168,0
204,90,0
184,93,0
201,152,0
207,34,0
133,90,0
251,130,0
186,62,0
138,0,0
63,40,0
193,134,0
235,124,0
220,165,0
166,62,0
232,167,0
129,56,0
154,67,0
135,19,0
196,190,0
132,110,0
263,122,0
87,28,0
288,73,0
225,143,0
271,62,0
253,82,0
167,50,0
260,200,0
162,152,0
162,49,0
269,264,0
250,30,0
259,145,0
249,150,0
132,19,0
205,179,0
283,38,0
255,161,0
111,27,0
262,128,0
199,134,0
281,239,0
133,36,0
222,29,0
211,148,0
294,152,0
228,19,0
81,19,0
140,139,0
185,12,0
284,89,0
268,199,0
181,68,0
230,208,0
284,8,0
227,49,0
189,54,0
175,132,0
247,92,0
245,2,0
105,91,0
214,113,0
24,22,0
293,51,0
106,65,0
230,214,0
141,115,0
102,6,0
230,45,0
232,210,0
37,2,0
70,52,0
186,57,0
292,116,0
248,22,0
149,48,0
189,167,0
262,56,0
69,15,0
278,76,0
122,91,0
155,108,0
201,112,0
238,203,0
139,137,0
125,32,0
274,208,0
234,188,0
53,41,0
136,48,0
265,218,0
246,234,0
265,166,0
148,126,0
190,35,0
161,133,0
112,6,0
272,220,0
121,27,0
159,27,0
146,78,0
275,227,0
275,224,0
296,100,0
198,64,0
175,102,0
223,204,0
274,202,0
286,256,0
252,170,0
116,93,0
212,180,0
159,96,0
120,91,0
278,74,0
99,23,0
166,104,0
248,144,0
130,65,0
126,70,0
245,53,0
272,201,0
201,200,0
268,220,0
293,193,0
285,268,0
173,29,0
190,0,0
180,159,0
285,209,0
186,85,0
179,28,0
293,235,0
182,76,0
287,97,0
250,168,0
208,54,0
265,68,0
197,33,0
260,246,0
127,40,0
180,123,0
102,33,0
18,7,0
291,21,0
194,70,0
107,16,0
45,15,0
245,62,0
133,28,0
136,85,0
213,61,0
277,156,0
193,187,0
162,8,0
218,55,0
282,244,0
293,38,0
290,81,0
227,46,0
207,185,0
128,106,0
136,28,0
134,65,0
276,202,0
253,170,0
188,6,0
128,124,0
225,219,0
233,170,0
257,68,0
97,41,0
212,129,0
212,12,0
89,41,0
89,86,0
214,24,0
277,82,0
225,4,0
227,138,0
214,123,0
296,23,0
170,103,0
29,5,0
203,19,0
281,175,0
53,31,0
253,218,0
225,11,0
287,45,0
261,188,0
70,25,0
69,17,0
132,95,0
136,20,0
291,81,0
273,171,0
112,70,0
49,13,0
295,215,0
295,71,0
194,42,0
150,123,0
